Matrix Size, Threads, Function, Implementation, Execution Time
16, 4, TRANSPOSITION, SEQUENTIAL, 0.000001
16, 4, TRANSPOSITION, IMPLICIT, 0.000001
16, 4, SYMMETRY, OMP, 0.000397
16, 4, TRANSPOSITION, OMP, 0.000019
16, 4, TRANSPOSITION, SEQUENTIAL, 0.000001
16, 4, TRANSPOSITION, IMPLICIT, 0.000001
16, 4, SYMMETRY, OMP, 0.000021
16, 4, TRANSPOSITION, OMP, 0.000019
16, 4, TRANSPOSITION, SEQUENTIAL, 0.000001
16, 4, TRANSPOSITION, IMPLICIT, 0.000001
16, 4, SYMMETRY, OMP, 0.000021
16, 4, TRANSPOSITION, OMP, 0.000026
16, 4, TRANSPOSITION, SEQUENTIAL, 0.000001
16, 4, TRANSPOSITION, IMPLICIT, 0.000001
16, 4, SYMMETRY, OMP, 0.000019
16, 4, TRANSPOSITION, OMP, 0.000025
16, 4, TRANSPOSITION, SEQUENTIAL, 0.000001
16, 4, TRANSPOSITION, IMPLICIT, 0.000001
16, 4, SYMMETRY, OMP, 0.000020
16, 4, TRANSPOSITION, OMP, 0.000017
32, 4, TRANSPOSITION, SEQUENTIAL, 0.000002
32, 4, TRANSPOSITION, IMPLICIT, 0.000002
32, 4, SYMMETRY, OMP, 0.000042
32, 4, TRANSPOSITION, OMP, 0.000051
32, 4, TRANSPOSITION, SEQUENTIAL, 0.000002
32, 4, TRANSPOSITION, IMPLICIT, 0.000002
32, 4, SYMMETRY, OMP, 0.000038
32, 4, TRANSPOSITION, OMP, 0.000055
32, 4, TRANSPOSITION, SEQUENTIAL, 0.000002
32, 4, TRANSPOSITION, IMPLICIT, 0.000002
32, 4, SYMMETRY, OMP, 0.000037
32, 4, TRANSPOSITION, OMP, 0.000064
32, 4, TRANSPOSITION, SEQUENTIAL, 0.000002
32, 4, TRANSPOSITION, IMPLICIT, 0.000002
32, 4, SYMMETRY, OMP, 0.000039
32, 4, TRANSPOSITION, OMP, 0.000056
32, 4, TRANSPOSITION, SEQUENTIAL, 0.000002
32, 4, TRANSPOSITION, IMPLICIT, 0.000002
32, 4, SYMMETRY, OMP, 0.000037
32, 4, TRANSPOSITION, OMP, 0.000061
64, 4, TRANSPOSITION, SEQUENTIAL, 0.000009
64, 4, TRANSPOSITION, IMPLICIT, 0.000008
64, 4, SYMMETRY, OMP, 0.000071
64, 4, TRANSPOSITION, OMP, 0.000080
64, 4, TRANSPOSITION, SEQUENTIAL, 0.000008
64, 4, TRANSPOSITION, IMPLICIT, 0.000010
64, 4, SYMMETRY, OMP, 0.000065
64, 4, TRANSPOSITION, OMP, 0.000075
64, 4, TRANSPOSITION, SEQUENTIAL, 0.000008
64, 4, TRANSPOSITION, IMPLICIT, 0.000010
64, 4, SYMMETRY, OMP, 0.000068
64, 4, TRANSPOSITION, OMP, 0.000086
64, 4, TRANSPOSITION, SEQUENTIAL, 0.000008
64, 4, TRANSPOSITION, IMPLICIT, 0.000010
64, 4, SYMMETRY, OMP, 0.000066
64, 4, TRANSPOSITION, OMP, 0.000083
64, 4, TRANSPOSITION, SEQUENTIAL, 0.000008
64, 4, TRANSPOSITION, IMPLICIT, 0.000010
64, 4, SYMMETRY, OMP, 0.000064
64, 4, TRANSPOSITION, OMP, 0.000102
128, 4, TRANSPOSITION, SEQUENTIAL, 0.000035
128, 4, TRANSPOSITION, IMPLICIT, 0.000033
128, 4, SYMMETRY, OMP, 0.000138
128, 4, TRANSPOSITION, OMP, 0.000098
128, 4, TRANSPOSITION, SEQUENTIAL, 0.000033
128, 4, TRANSPOSITION, IMPLICIT, 0.000034
128, 4, SYMMETRY, OMP, 0.000138
128, 4, TRANSPOSITION, OMP, 0.000088
128, 4, TRANSPOSITION, SEQUENTIAL, 0.000032
128, 4, TRANSPOSITION, IMPLICIT, 0.000032
128, 4, SYMMETRY, OMP, 0.000130
128, 4, TRANSPOSITION, OMP, 0.000101
128, 4, TRANSPOSITION, SEQUENTIAL, 0.000033
128, 4, TRANSPOSITION, IMPLICIT, 0.000034
128, 4, SYMMETRY, OMP, 0.000138
128, 4, TRANSPOSITION, OMP, 0.000110
128, 4, TRANSPOSITION, SEQUENTIAL, 0.000032
128, 4, TRANSPOSITION, IMPLICIT, 0.000038
128, 4, SYMMETRY, OMP, 0.000132
128, 4, TRANSPOSITION, OMP, 0.000105
256, 4, TRANSPOSITION, SEQUENTIAL, 0.000081
256, 4, TRANSPOSITION, IMPLICIT, 0.000062
256, 4, SYMMETRY, OMP, 0.000293
256, 4, TRANSPOSITION, OMP, 0.000109
256, 4, TRANSPOSITION, SEQUENTIAL, 0.000063
256, 4, TRANSPOSITION, IMPLICIT, 0.000061
256, 4, SYMMETRY, OMP, 0.000264
256, 4, TRANSPOSITION, OMP, 0.000098
256, 4, TRANSPOSITION, SEQUENTIAL, 0.000062
256, 4, TRANSPOSITION, IMPLICIT, 0.000069
256, 4, SYMMETRY, OMP, 0.000265
256, 4, TRANSPOSITION, OMP, 0.000107
256, 4, TRANSPOSITION, SEQUENTIAL, 0.000062
256, 4, TRANSPOSITION, IMPLICIT, 0.000070
256, 4, SYMMETRY, OMP, 0.000267
256, 4, TRANSPOSITION, OMP, 0.000115
256, 4, TRANSPOSITION, SEQUENTIAL, 0.000062
256, 4, TRANSPOSITION, IMPLICIT, 0.000069
256, 4, SYMMETRY, OMP, 0.000260
256, 4, TRANSPOSITION, OMP, 0.000110
512, 4, TRANSPOSITION, SEQUENTIAL, 0.000392
512, 4, TRANSPOSITION, IMPLICIT, 0.000389
512, 4, SYMMETRY, OMP, 0.000522
512, 4, TRANSPOSITION, OMP, 0.000401
512, 4, TRANSPOSITION, SEQUENTIAL, 0.000388
512, 4, TRANSPOSITION, IMPLICIT, 0.000388
512, 4, SYMMETRY, OMP, 0.000393
512, 4, TRANSPOSITION, OMP, 0.000372
512, 4, TRANSPOSITION, SEQUENTIAL, 0.000389
512, 4, TRANSPOSITION, IMPLICIT, 0.000393
512, 4, SYMMETRY, OMP, 0.000377
512, 4, TRANSPOSITION, OMP, 0.000367
512, 4, TRANSPOSITION, SEQUENTIAL, 0.000393
512, 4, TRANSPOSITION, IMPLICIT, 0.000395
512, 4, SYMMETRY, OMP, 0.000370
512, 4, TRANSPOSITION, OMP, 0.000377
512, 4, TRANSPOSITION, SEQUENTIAL, 0.000405
512, 4, TRANSPOSITION, IMPLICIT, 0.000386
512, 4, SYMMETRY, OMP, 0.000264
512, 4, TRANSPOSITION, OMP, 0.000262
1024, 4, TRANSPOSITION, SEQUENTIAL, 0.001652
1024, 4, TRANSPOSITION, IMPLICIT, 0.001630
1024, 4, SYMMETRY, OMP, 0.001474
1024, 4, TRANSPOSITION, OMP, 0.002217
1024, 4, TRANSPOSITION, SEQUENTIAL, 0.001627
1024, 4, TRANSPOSITION, IMPLICIT, 0.001626
1024, 4, SYMMETRY, OMP, 0.000884
1024, 4, TRANSPOSITION, OMP, 0.001464
1024, 4, TRANSPOSITION, SEQUENTIAL, 0.001619
1024, 4, TRANSPOSITION, IMPLICIT, 0.001634
1024, 4, SYMMETRY, OMP, 0.001087
1024, 4, TRANSPOSITION, OMP, 0.001202
1024, 4, TRANSPOSITION, SEQUENTIAL, 0.001642
1024, 4, TRANSPOSITION, IMPLICIT, 0.001623
1024, 4, SYMMETRY, OMP, 0.001371
1024, 4, TRANSPOSITION, OMP, 0.001309
1024, 4, TRANSPOSITION, SEQUENTIAL, 0.001626
1024, 4, TRANSPOSITION, IMPLICIT, 0.001633
1024, 4, SYMMETRY, OMP, 0.001411
1024, 4, TRANSPOSITION, OMP, 0.001056
2048, 4, TRANSPOSITION, SEQUENTIAL, 0.024430
2048, 4, TRANSPOSITION, IMPLICIT, 0.021478
2048, 4, SYMMETRY, OMP, 0.004414
2048, 4, TRANSPOSITION, OMP, 0.013091
2048, 4, TRANSPOSITION, SEQUENTIAL, 0.022718
2048, 4, TRANSPOSITION, IMPLICIT, 0.021510
2048, 4, SYMMETRY, OMP, 0.005288
2048, 4, TRANSPOSITION, OMP, 0.012652
2048, 4, TRANSPOSITION, SEQUENTIAL, 0.022608
2048, 4, TRANSPOSITION, IMPLICIT, 0.021502
2048, 4, SYMMETRY, OMP, 0.005133
2048, 4, TRANSPOSITION, OMP, 0.013367
2048, 4, TRANSPOSITION, SEQUENTIAL, 0.022630
2048, 4, TRANSPOSITION, IMPLICIT, 0.021527
2048, 4, SYMMETRY, OMP, 0.005121
2048, 4, TRANSPOSITION, OMP, 0.012978
2048, 4, TRANSPOSITION, SEQUENTIAL, 0.022645
2048, 4, TRANSPOSITION, IMPLICIT, 0.021479
2048, 4, SYMMETRY, OMP, 0.005123
2048, 4, TRANSPOSITION, OMP, 0.013226
16, 4, TRANSPOSITION, SEQUENTIAL, 0.000000
16, 4, TRANSPOSITION, IMPLICIT, 0.000000
16, 4, SYMMETRY, OMP, 0.000094
16, 4, TRANSPOSITION, OMP, 0.000012
16, 4, TRANSPOSITION, SEQUENTIAL, 0.000000
16, 4, TRANSPOSITION, IMPLICIT, 0.000000
16, 4, SYMMETRY, OMP, 0.000019
16, 4, TRANSPOSITION, OMP, 0.000011
16, 4, TRANSPOSITION, SEQUENTIAL, 0.000000
16, 4, TRANSPOSITION, IMPLICIT, 0.000000
16, 4, SYMMETRY, OMP, 0.000018
16, 4, TRANSPOSITION, OMP, 0.000014
16, 4, TRANSPOSITION, SEQUENTIAL, 0.000000
16, 4, TRANSPOSITION, IMPLICIT, 0.000000
16, 4, SYMMETRY, OMP, 0.000018
16, 4, TRANSPOSITION, OMP, 0.000016
16, 4, TRANSPOSITION, SEQUENTIAL, 0.000000
16, 4, TRANSPOSITION, IMPLICIT, 0.000000
16, 4, SYMMETRY, OMP, 0.000018
16, 4, TRANSPOSITION, OMP, 0.000015
32, 4, TRANSPOSITION, SEQUENTIAL, 0.000001
32, 4, TRANSPOSITION, IMPLICIT, 0.000001
32, 4, SYMMETRY, OMP, 0.000036
32, 4, TRANSPOSITION, OMP, 0.000058
32, 4, TRANSPOSITION, SEQUENTIAL, 0.000001
32, 4, TRANSPOSITION, IMPLICIT, 0.000001
32, 4, SYMMETRY, OMP, 0.000034
32, 4, TRANSPOSITION, OMP, 0.000058
32, 4, TRANSPOSITION, SEQUENTIAL, 0.000000
32, 4, TRANSPOSITION, IMPLICIT, 0.000001
32, 4, SYMMETRY, OMP, 0.000035
32, 4, TRANSPOSITION, OMP, 0.000057
32, 4, TRANSPOSITION, SEQUENTIAL, 0.000000
32, 4, TRANSPOSITION, IMPLICIT, 0.000001
32, 4, SYMMETRY, OMP, 0.000035
32, 4, TRANSPOSITION, OMP, 0.000049
32, 4, TRANSPOSITION, SEQUENTIAL, 0.000000
32, 4, TRANSPOSITION, IMPLICIT, 0.000001
32, 4, SYMMETRY, OMP, 0.000035
32, 4, TRANSPOSITION, OMP, 0.000057
64, 4, TRANSPOSITION, SEQUENTIAL, 0.000003
64, 4, TRANSPOSITION, IMPLICIT, 0.000002
64, 4, SYMMETRY, OMP, 0.000067
64, 4, TRANSPOSITION, OMP, 0.000075
64, 4, TRANSPOSITION, SEQUENTIAL, 0.000002
64, 4, TRANSPOSITION, IMPLICIT, 0.000002
64, 4, SYMMETRY, OMP, 0.000065
64, 4, TRANSPOSITION, OMP, 0.000101
64, 4, TRANSPOSITION, SEQUENTIAL, 0.000002
64, 4, TRANSPOSITION, IMPLICIT, 0.000002
64, 4, SYMMETRY, OMP, 0.000067
64, 4, TRANSPOSITION, OMP, 0.000097
64, 4, TRANSPOSITION, SEQUENTIAL, 0.000002
64, 4, TRANSPOSITION, IMPLICIT, 0.000002
64, 4, SYMMETRY, OMP, 0.000066
64, 4, TRANSPOSITION, OMP, 0.000100
64, 4, TRANSPOSITION, SEQUENTIAL, 0.000002
64, 4, TRANSPOSITION, IMPLICIT, 0.000003
64, 4, SYMMETRY, OMP, 0.000063
64, 4, TRANSPOSITION, OMP, 0.000088
128, 4, TRANSPOSITION, SEQUENTIAL, 0.000011
128, 4, TRANSPOSITION, IMPLICIT, 0.000011
128, 4, SYMMETRY, OMP, 0.000135
128, 4, TRANSPOSITION, OMP, 0.000099
128, 4, TRANSPOSITION, SEQUENTIAL, 0.000009
128, 4, TRANSPOSITION, IMPLICIT, 0.000009
128, 4, SYMMETRY, OMP, 0.000132
128, 4, TRANSPOSITION, OMP, 0.000105
128, 4, TRANSPOSITION, SEQUENTIAL, 0.000009
128, 4, TRANSPOSITION, IMPLICIT, 0.000009
128, 4, SYMMETRY, OMP, 0.000127
128, 4, TRANSPOSITION, OMP, 0.000108
128, 4, TRANSPOSITION, SEQUENTIAL, 0.000009
128, 4, TRANSPOSITION, IMPLICIT, 0.000010
128, 4, SYMMETRY, OMP, 0.000126
128, 4, TRANSPOSITION, OMP, 0.000099
128, 4, TRANSPOSITION, SEQUENTIAL, 0.000009
128, 4, TRANSPOSITION, IMPLICIT, 0.000009
128, 4, SYMMETRY, OMP, 0.000127
128, 4, TRANSPOSITION, OMP, 0.000104
256, 4, TRANSPOSITION, SEQUENTIAL, 0.000063
256, 4, TRANSPOSITION, IMPLICIT, 0.000042
256, 4, SYMMETRY, OMP, 0.000290
256, 4, TRANSPOSITION, OMP, 0.000123
256, 4, TRANSPOSITION, SEQUENTIAL, 0.000037
256, 4, TRANSPOSITION, IMPLICIT, 0.000042
256, 4, SYMMETRY, OMP, 0.000281
256, 4, TRANSPOSITION, OMP, 0.000123
256, 4, TRANSPOSITION, SEQUENTIAL, 0.000037
256, 4, TRANSPOSITION, IMPLICIT, 0.000038
256, 4, SYMMETRY, OMP, 0.000250
256, 4, TRANSPOSITION, OMP, 0.000120
256, 4, TRANSPOSITION, SEQUENTIAL, 0.000037
256, 4, TRANSPOSITION, IMPLICIT, 0.000042
256, 4, SYMMETRY, OMP, 0.000262
256, 4, TRANSPOSITION, OMP, 0.000100
256, 4, TRANSPOSITION, SEQUENTIAL, 0.000037
256, 4, TRANSPOSITION, IMPLICIT, 0.000038
256, 4, SYMMETRY, OMP, 0.000257
256, 4, TRANSPOSITION, OMP, 0.000106
512, 4, TRANSPOSITION, SEQUENTIAL, 0.000392
512, 4, TRANSPOSITION, IMPLICIT, 0.000386
512, 4, SYMMETRY, OMP, 0.000535
512, 4, TRANSPOSITION, OMP, 0.000355
512, 4, TRANSPOSITION, SEQUENTIAL, 0.000391
512, 4, TRANSPOSITION, IMPLICIT, 0.000388
512, 4, SYMMETRY, OMP, 0.000309
512, 4, TRANSPOSITION, OMP, 0.000319
512, 4, TRANSPOSITION, SEQUENTIAL, 0.000387
512, 4, TRANSPOSITION, IMPLICIT, 0.000392
512, 4, SYMMETRY, OMP, 0.000281
512, 4, TRANSPOSITION, OMP, 0.000303
512, 4, TRANSPOSITION, SEQUENTIAL, 0.000377
512, 4, TRANSPOSITION, IMPLICIT, 0.000371
512, 4, SYMMETRY, OMP, 0.000273
512, 4, TRANSPOSITION, OMP, 0.000269
512, 4, TRANSPOSITION, SEQUENTIAL, 0.000370
512, 4, TRANSPOSITION, IMPLICIT, 0.000375
512, 4, SYMMETRY, OMP, 0.000265
512, 4, TRANSPOSITION, OMP, 0.000267
1024, 4, TRANSPOSITION, SEQUENTIAL, 0.001641
1024, 4, TRANSPOSITION, IMPLICIT, 0.001612
1024, 4, SYMMETRY, OMP, 0.001909
1024, 4, TRANSPOSITION, OMP, 0.002129
1024, 4, TRANSPOSITION, SEQUENTIAL, 0.001613
1024, 4, TRANSPOSITION, IMPLICIT, 0.001604
1024, 4, SYMMETRY, OMP, 0.000903
1024, 4, TRANSPOSITION, OMP, 0.001691
1024, 4, TRANSPOSITION, SEQUENTIAL, 0.001617
1024, 4, TRANSPOSITION, IMPLICIT, 0.001618
1024, 4, SYMMETRY, OMP, 0.001295
1024, 4, TRANSPOSITION, OMP, 0.001189
1024, 4, TRANSPOSITION, SEQUENTIAL, 0.001611
1024, 4, TRANSPOSITION, IMPLICIT, 0.001600
1024, 4, SYMMETRY, OMP, 0.000725
1024, 4, TRANSPOSITION, OMP, 0.001025
1024, 4, TRANSPOSITION, SEQUENTIAL, 0.001615
1024, 4, TRANSPOSITION, IMPLICIT, 0.001613
1024, 4, SYMMETRY, OMP, 0.001331
1024, 4, TRANSPOSITION, OMP, 0.001534
2048, 4, TRANSPOSITION, SEQUENTIAL, 0.024481
2048, 4, TRANSPOSITION, IMPLICIT, 0.025360
2048, 4, SYMMETRY, OMP, 0.005681
2048, 4, TRANSPOSITION, OMP, 0.012707
2048, 4, TRANSPOSITION, SEQUENTIAL, 0.023074
2048, 4, TRANSPOSITION, IMPLICIT, 0.021495
2048, 4, SYMMETRY, OMP, 0.004090
2048, 4, TRANSPOSITION, OMP, 0.013517
2048, 4, TRANSPOSITION, SEQUENTIAL, 0.022782
2048, 4, TRANSPOSITION, IMPLICIT, 0.021506
2048, 4, SYMMETRY, OMP, 0.004088
2048, 4, TRANSPOSITION, OMP, 0.013064
2048, 4, TRANSPOSITION, SEQUENTIAL, 0.022790
2048, 4, TRANSPOSITION, IMPLICIT, 0.021469
2048, 4, SYMMETRY, OMP, 0.004109
2048, 4, TRANSPOSITION, OMP, 0.013151
2048, 4, TRANSPOSITION, SEQUENTIAL, 0.022842
2048, 4, TRANSPOSITION, IMPLICIT, 0.021496
2048, 4, SYMMETRY, OMP, 0.004097
2048, 4, TRANSPOSITION, OMP, 0.012794
16, 4, TRANSPOSITION, SEQUENTIAL, 0.000000
16, 4, TRANSPOSITION, IMPLICIT, 0.000000
16, 4, SYMMETRY, OMP, 0.000101
16, 4, TRANSPOSITION, OMP, 0.000018
16, 4, TRANSPOSITION, SEQUENTIAL, 0.000000
16, 4, TRANSPOSITION, IMPLICIT, 0.000000
16, 4, SYMMETRY, OMP, 0.000016
16, 4, TRANSPOSITION, OMP, 0.000016
16, 4, TRANSPOSITION, SEQUENTIAL, 0.000000
16, 4, TRANSPOSITION, IMPLICIT, 0.000000
16, 4, SYMMETRY, OMP, 0.000017
16, 4, TRANSPOSITION, OMP, 0.000014
16, 4, TRANSPOSITION, SEQUENTIAL, 0.000000
16, 4, TRANSPOSITION, IMPLICIT, 0.000000
16, 4, SYMMETRY, OMP, 0.000017
16, 4, TRANSPOSITION, OMP, 0.000012
16, 4, TRANSPOSITION, SEQUENTIAL, 0.000000
16, 4, TRANSPOSITION, IMPLICIT, 0.000000
16, 4, SYMMETRY, OMP, 0.000017
16, 4, TRANSPOSITION, OMP, 0.000015
32, 4, TRANSPOSITION, SEQUENTIAL, 0.000001
32, 4, TRANSPOSITION, IMPLICIT, 0.000001
32, 4, SYMMETRY, OMP, 0.000032
32, 4, TRANSPOSITION, OMP, 0.000074
32, 4, TRANSPOSITION, SEQUENTIAL, 0.000001
32, 4, TRANSPOSITION, IMPLICIT, 0.000001
32, 4, SYMMETRY, OMP, 0.000030
32, 4, TRANSPOSITION, OMP, 0.000058
32, 4, TRANSPOSITION, SEQUENTIAL, 0.000000
32, 4, TRANSPOSITION, IMPLICIT, 0.000001
32, 4, SYMMETRY, OMP, 0.000033
32, 4, TRANSPOSITION, OMP, 0.000053
32, 4, TRANSPOSITION, SEQUENTIAL, 0.000000
32, 4, TRANSPOSITION, IMPLICIT, 0.000001
32, 4, SYMMETRY, OMP, 0.000033
32, 4, TRANSPOSITION, OMP, 0.000053
32, 4, TRANSPOSITION, SEQUENTIAL, 0.000000
32, 4, TRANSPOSITION, IMPLICIT, 0.000001
32, 4, SYMMETRY, OMP, 0.000031
32, 4, TRANSPOSITION, OMP, 0.000053
64, 4, TRANSPOSITION, SEQUENTIAL, 0.000003
64, 4, TRANSPOSITION, IMPLICIT, 0.000003
64, 4, SYMMETRY, OMP, 0.000061
64, 4, TRANSPOSITION, OMP, 0.000069
64, 4, TRANSPOSITION, SEQUENTIAL, 0.000002
64, 4, TRANSPOSITION, IMPLICIT, 0.000003
64, 4, SYMMETRY, OMP, 0.000061
64, 4, TRANSPOSITION, OMP, 0.000074
64, 4, TRANSPOSITION, SEQUENTIAL, 0.000002
64, 4, TRANSPOSITION, IMPLICIT, 0.000003
64, 4, SYMMETRY, OMP, 0.000058
64, 4, TRANSPOSITION, OMP, 0.000082
64, 4, TRANSPOSITION, SEQUENTIAL, 0.000002
64, 4, TRANSPOSITION, IMPLICIT, 0.000003
64, 4, SYMMETRY, OMP, 0.000072
64, 4, TRANSPOSITION, OMP, 0.000072
64, 4, TRANSPOSITION, SEQUENTIAL, 0.000002
64, 4, TRANSPOSITION, IMPLICIT, 0.000003
64, 4, SYMMETRY, OMP, 0.000060
64, 4, TRANSPOSITION, OMP, 0.000075
128, 4, TRANSPOSITION, SEQUENTIAL, 0.000011
128, 4, TRANSPOSITION, IMPLICIT, 0.000009
128, 4, SYMMETRY, OMP, 0.000125
128, 4, TRANSPOSITION, OMP, 0.000089
128, 4, TRANSPOSITION, SEQUENTIAL, 0.000009
128, 4, TRANSPOSITION, IMPLICIT, 0.000011
128, 4, SYMMETRY, OMP, 0.000125
128, 4, TRANSPOSITION, OMP, 0.000091
128, 4, TRANSPOSITION, SEQUENTIAL, 0.000009
128, 4, TRANSPOSITION, IMPLICIT, 0.000009
128, 4, SYMMETRY, OMP, 0.000119
128, 4, TRANSPOSITION, OMP, 0.000099
128, 4, TRANSPOSITION, SEQUENTIAL, 0.000009
128, 4, TRANSPOSITION, IMPLICIT, 0.000009
128, 4, SYMMETRY, OMP, 0.000120
128, 4, TRANSPOSITION, OMP, 0.000104
128, 4, TRANSPOSITION, SEQUENTIAL, 0.000009
128, 4, TRANSPOSITION, IMPLICIT, 0.000010
128, 4, SYMMETRY, OMP, 0.000119
128, 4, TRANSPOSITION, OMP, 0.000100
256, 4, TRANSPOSITION, SEQUENTIAL, 0.000054
256, 4, TRANSPOSITION, IMPLICIT, 0.000036
256, 4, SYMMETRY, OMP, 0.000253
256, 4, TRANSPOSITION, OMP, 0.000134
256, 4, TRANSPOSITION, SEQUENTIAL, 0.000037
256, 4, TRANSPOSITION, IMPLICIT, 0.000041
256, 4, SYMMETRY, OMP, 0.000249
256, 4, TRANSPOSITION, OMP, 0.000098
256, 4, TRANSPOSITION, SEQUENTIAL, 0.000036
256, 4, TRANSPOSITION, IMPLICIT, 0.000040
256, 4, SYMMETRY, OMP, 0.000246
256, 4, TRANSPOSITION, OMP, 0.000102
256, 4, TRANSPOSITION, SEQUENTIAL, 0.000037
256, 4, TRANSPOSITION, IMPLICIT, 0.000038
256, 4, SYMMETRY, OMP, 0.000247
256, 4, TRANSPOSITION, OMP, 0.000135
256, 4, TRANSPOSITION, SEQUENTIAL, 0.000047
256, 4, TRANSPOSITION, IMPLICIT, 0.000039
256, 4, SYMMETRY, OMP, 0.000244
256, 4, TRANSPOSITION, OMP, 0.000096
512, 4, TRANSPOSITION, SEQUENTIAL, 0.000385
512, 4, TRANSPOSITION, IMPLICIT, 0.000385
512, 4, SYMMETRY, OMP, 0.000378
512, 4, TRANSPOSITION, OMP, 0.000374
512, 4, TRANSPOSITION, SEQUENTIAL, 0.000388
512, 4, TRANSPOSITION, IMPLICIT, 0.000385
512, 4, SYMMETRY, OMP, 0.000299
512, 4, TRANSPOSITION, OMP, 0.000338
512, 4, TRANSPOSITION, SEQUENTIAL, 0.000391
512, 4, TRANSPOSITION, IMPLICIT, 0.000390
512, 4, SYMMETRY, OMP, 0.000277
512, 4, TRANSPOSITION, OMP, 0.000301
512, 4, TRANSPOSITION, SEQUENTIAL, 0.000387
512, 4, TRANSPOSITION, IMPLICIT, 0.000385
512, 4, SYMMETRY, OMP, 0.000284
512, 4, TRANSPOSITION, OMP, 0.000296
512, 4, TRANSPOSITION, SEQUENTIAL, 0.000388
512, 4, TRANSPOSITION, IMPLICIT, 0.000391
512, 4, SYMMETRY, OMP, 0.000262
512, 4, TRANSPOSITION, OMP, 0.000240
1024, 4, TRANSPOSITION, SEQUENTIAL, 0.001645
1024, 4, TRANSPOSITION, IMPLICIT, 0.001609
1024, 4, SYMMETRY, OMP, 0.001479
1024, 4, TRANSPOSITION, OMP, 0.002096
1024, 4, TRANSPOSITION, SEQUENTIAL, 0.001621
1024, 4, TRANSPOSITION, IMPLICIT, 0.001621
1024, 4, SYMMETRY, OMP, 0.000994
1024, 4, TRANSPOSITION, OMP, 0.001747
1024, 4, TRANSPOSITION, SEQUENTIAL, 0.001620
1024, 4, TRANSPOSITION, IMPLICIT, 0.001619
1024, 4, SYMMETRY, OMP, 0.000907
1024, 4, TRANSPOSITION, OMP, 0.001070
1024, 4, TRANSPOSITION, SEQUENTIAL, 0.001614
1024, 4, TRANSPOSITION, IMPLICIT, 0.001606
1024, 4, SYMMETRY, OMP, 0.001176
1024, 4, TRANSPOSITION, OMP, 0.001525
1024, 4, TRANSPOSITION, SEQUENTIAL, 0.001621
1024, 4, TRANSPOSITION, IMPLICIT, 0.001624
1024, 4, SYMMETRY, OMP, 0.000964
1024, 4, TRANSPOSITION, OMP, 0.001083
2048, 4, TRANSPOSITION, SEQUENTIAL, 0.024536
2048, 4, TRANSPOSITION, IMPLICIT, 0.021455
2048, 4, SYMMETRY, OMP, 0.004415
2048, 4, TRANSPOSITION, OMP, 0.013860
2048, 4, TRANSPOSITION, SEQUENTIAL, 0.023191
2048, 4, TRANSPOSITION, IMPLICIT, 0.022267
2048, 4, SYMMETRY, OMP, 0.004096
2048, 4, TRANSPOSITION, OMP, 0.013608
2048, 4, TRANSPOSITION, SEQUENTIAL, 0.022971
2048, 4, TRANSPOSITION, IMPLICIT, 0.021560
2048, 4, SYMMETRY, OMP, 0.004096
2048, 4, TRANSPOSITION, OMP, 0.013085
2048, 4, TRANSPOSITION, SEQUENTIAL, 0.022939
2048, 4, TRANSPOSITION, IMPLICIT, 0.021565
2048, 4, SYMMETRY, OMP, 0.004081
2048, 4, TRANSPOSITION, OMP, 0.012626
2048, 4, TRANSPOSITION, SEQUENTIAL, 0.022930
2048, 4, TRANSPOSITION, IMPLICIT, 0.021544
2048, 4, SYMMETRY, OMP, 0.004097
2048, 4, TRANSPOSITION, OMP, 0.012771
16, 4, TRANSPOSITION, SEQUENTIAL, 0.000000
16, 4, TRANSPOSITION, IMPLICIT, 0.000000
16, 4, SYMMETRY, OMP, 0.000102
16, 4, TRANSPOSITION, OMP, 0.000016
16, 4, TRANSPOSITION, SEQUENTIAL, 0.000000
16, 4, TRANSPOSITION, IMPLICIT, 0.000000
16, 4, SYMMETRY, OMP, 0.000017
16, 4, TRANSPOSITION, OMP, 0.000014
16, 4, TRANSPOSITION, SEQUENTIAL, 0.000000
16, 4, TRANSPOSITION, IMPLICIT, 0.000000
16, 4, SYMMETRY, OMP, 0.000017
16, 4, TRANSPOSITION, OMP, 0.000013
16, 4, TRANSPOSITION, SEQUENTIAL, 0.000000
16, 4, TRANSPOSITION, IMPLICIT, 0.000000
16, 4, SYMMETRY, OMP, 0.000017
16, 4, TRANSPOSITION, OMP, 0.000014
16, 4, TRANSPOSITION, SEQUENTIAL, 0.000000
16, 4, TRANSPOSITION, IMPLICIT, 0.000000
16, 4, SYMMETRY, OMP, 0.000016
16, 4, TRANSPOSITION, OMP, 0.000015
32, 4, TRANSPOSITION, SEQUENTIAL, 0.000001
32, 4, TRANSPOSITION, IMPLICIT, 0.000001
32, 4, SYMMETRY, OMP, 0.000034
32, 4, TRANSPOSITION, OMP, 0.000048
32, 4, TRANSPOSITION, SEQUENTIAL, 0.000001
32, 4, TRANSPOSITION, IMPLICIT, 0.000001
32, 4, SYMMETRY, OMP, 0.000034
32, 4, TRANSPOSITION, OMP, 0.000066
32, 4, TRANSPOSITION, SEQUENTIAL, 0.000001
32, 4, TRANSPOSITION, IMPLICIT, 0.000001
32, 4, SYMMETRY, OMP, 0.000031
32, 4, TRANSPOSITION, OMP, 0.000056
32, 4, TRANSPOSITION, SEQUENTIAL, 0.000000
32, 4, TRANSPOSITION, IMPLICIT, 0.000001
32, 4, SYMMETRY, OMP, 0.000032
32, 4, TRANSPOSITION, OMP, 0.000048
32, 4, TRANSPOSITION, SEQUENTIAL, 0.000000
32, 4, TRANSPOSITION, IMPLICIT, 0.000001
32, 4, SYMMETRY, OMP, 0.000034
32, 4, TRANSPOSITION, OMP, 0.000049
64, 4, TRANSPOSITION, SEQUENTIAL, 0.000003
64, 4, TRANSPOSITION, IMPLICIT, 0.000002
64, 4, SYMMETRY, OMP, 0.000062
64, 4, TRANSPOSITION, OMP, 0.000070
64, 4, TRANSPOSITION, SEQUENTIAL, 0.000002
64, 4, TRANSPOSITION, IMPLICIT, 0.000002
64, 4, SYMMETRY, OMP, 0.000059
64, 4, TRANSPOSITION, OMP, 0.000090
64, 4, TRANSPOSITION, SEQUENTIAL, 0.000002
64, 4, TRANSPOSITION, IMPLICIT, 0.000002
64, 4, SYMMETRY, OMP, 0.000063
64, 4, TRANSPOSITION, OMP, 0.000073
64, 4, TRANSPOSITION, SEQUENTIAL, 0.000002
64, 4, TRANSPOSITION, IMPLICIT, 0.000002
64, 4, SYMMETRY, OMP, 0.000062
64, 4, TRANSPOSITION, OMP, 0.000083
64, 4, TRANSPOSITION, SEQUENTIAL, 0.000002
64, 4, TRANSPOSITION, IMPLICIT, 0.000003
64, 4, SYMMETRY, OMP, 0.000060
64, 4, TRANSPOSITION, OMP, 0.000081
128, 4, TRANSPOSITION, SEQUENTIAL, 0.000012
128, 4, TRANSPOSITION, IMPLICIT, 0.000009
128, 4, SYMMETRY, OMP, 0.000126
128, 4, TRANSPOSITION, OMP, 0.000101
128, 4, TRANSPOSITION, SEQUENTIAL, 0.000009
128, 4, TRANSPOSITION, IMPLICIT, 0.000009
128, 4, SYMMETRY, OMP, 0.000120
128, 4, TRANSPOSITION, OMP, 0.000090
128, 4, TRANSPOSITION, SEQUENTIAL, 0.000009
128, 4, TRANSPOSITION, IMPLICIT, 0.000009
128, 4, SYMMETRY, OMP, 0.000120
128, 4, TRANSPOSITION, OMP, 0.000094
128, 4, TRANSPOSITION, SEQUENTIAL, 0.000009
128, 4, TRANSPOSITION, IMPLICIT, 0.000011
128, 4, SYMMETRY, OMP, 0.000120
128, 4, TRANSPOSITION, OMP, 0.000098
128, 4, TRANSPOSITION, SEQUENTIAL, 0.000009
128, 4, TRANSPOSITION, IMPLICIT, 0.000010
128, 4, SYMMETRY, OMP, 0.000119
128, 4, TRANSPOSITION, OMP, 0.000094
256, 4, TRANSPOSITION, SEQUENTIAL, 0.000055
256, 4, TRANSPOSITION, IMPLICIT, 0.000036
256, 4, SYMMETRY, OMP, 0.000252
256, 4, TRANSPOSITION, OMP, 0.000136
256, 4, TRANSPOSITION, SEQUENTIAL, 0.000037
256, 4, TRANSPOSITION, IMPLICIT, 0.000036
256, 4, SYMMETRY, OMP, 0.000246
256, 4, TRANSPOSITION, OMP, 0.000116
256, 4, TRANSPOSITION, SEQUENTIAL, 0.000037
256, 4, TRANSPOSITION, IMPLICIT, 0.000042
256, 4, SYMMETRY, OMP, 0.000260
256, 4, TRANSPOSITION, OMP, 0.000109
256, 4, TRANSPOSITION, SEQUENTIAL, 0.000037
256, 4, TRANSPOSITION, IMPLICIT, 0.000040
256, 4, SYMMETRY, OMP, 0.000248
256, 4, TRANSPOSITION, OMP, 0.000116
256, 4, TRANSPOSITION, SEQUENTIAL, 0.000037
256, 4, TRANSPOSITION, IMPLICIT, 0.000042
256, 4, SYMMETRY, OMP, 0.000243
256, 4, TRANSPOSITION, OMP, 0.000131
512, 4, TRANSPOSITION, SEQUENTIAL, 0.000384
512, 4, TRANSPOSITION, IMPLICIT, 0.000385
512, 4, SYMMETRY, OMP, 0.000382
512, 4, TRANSPOSITION, OMP, 0.000411
512, 4, TRANSPOSITION, SEQUENTIAL, 0.000385
512, 4, TRANSPOSITION, IMPLICIT, 0.000389
512, 4, SYMMETRY, OMP, 0.000292
512, 4, TRANSPOSITION, OMP, 0.000313
512, 4, TRANSPOSITION, SEQUENTIAL, 0.000390
512, 4, TRANSPOSITION, IMPLICIT, 0.000386
512, 4, SYMMETRY, OMP, 0.000271
512, 4, TRANSPOSITION, OMP, 0.000304
512, 4, TRANSPOSITION, SEQUENTIAL, 0.000385
512, 4, TRANSPOSITION, IMPLICIT, 0.000385
512, 4, SYMMETRY, OMP, 0.000278
512, 4, TRANSPOSITION, OMP, 0.000295
512, 4, TRANSPOSITION, SEQUENTIAL, 0.000386
512, 4, TRANSPOSITION, IMPLICIT, 0.000389
512, 4, SYMMETRY, OMP, 0.000264
512, 4, TRANSPOSITION, OMP, 0.000270
1024, 4, TRANSPOSITION, SEQUENTIAL, 0.001627
1024, 4, TRANSPOSITION, IMPLICIT, 0.001610
1024, 4, SYMMETRY, OMP, 0.001475
1024, 4, TRANSPOSITION, OMP, 0.002109
1024, 4, TRANSPOSITION, SEQUENTIAL, 0.001610
1024, 4, TRANSPOSITION, IMPLICIT, 0.001626
1024, 4, SYMMETRY, OMP, 0.000992
1024, 4, TRANSPOSITION, OMP, 0.001260
1024, 4, TRANSPOSITION, SEQUENTIAL, 0.001609
1024, 4, TRANSPOSITION, IMPLICIT, 0.001618
1024, 4, SYMMETRY, OMP, 0.001133
1024, 4, TRANSPOSITION, OMP, 0.001270
1024, 4, TRANSPOSITION, SEQUENTIAL, 0.001607
1024, 4, TRANSPOSITION, IMPLICIT, 0.001607
1024, 4, SYMMETRY, OMP, 0.000811
1024, 4, TRANSPOSITION, OMP, 0.001190
1024, 4, TRANSPOSITION, SEQUENTIAL, 0.001612
1024, 4, TRANSPOSITION, IMPLICIT, 0.001619
1024, 4, SYMMETRY, OMP, 0.001253
1024, 4, TRANSPOSITION, OMP, 0.001226
2048, 4, TRANSPOSITION, SEQUENTIAL, 0.024553
2048, 4, TRANSPOSITION, IMPLICIT, 0.021429
2048, 4, SYMMETRY, OMP, 0.004404
2048, 4, TRANSPOSITION, OMP, 0.014410
2048, 4, TRANSPOSITION, SEQUENTIAL, 0.023160
2048, 4, TRANSPOSITION, IMPLICIT, 0.021565
2048, 4, SYMMETRY, OMP, 0.004107
2048, 4, TRANSPOSITION, OMP, 0.013698
2048, 4, TRANSPOSITION, SEQUENTIAL, 0.022894
2048, 4, TRANSPOSITION, IMPLICIT, 0.021530
2048, 4, SYMMETRY, OMP, 0.004108
2048, 4, TRANSPOSITION, OMP, 0.012997
2048, 4, TRANSPOSITION, SEQUENTIAL, 0.022914
2048, 4, TRANSPOSITION, IMPLICIT, 0.021521
2048, 4, SYMMETRY, OMP, 0.004107
2048, 4, TRANSPOSITION, OMP, 0.012937
2048, 4, TRANSPOSITION, SEQUENTIAL, 0.022890
2048, 4, TRANSPOSITION, IMPLICIT, 0.021898
2048, 4, SYMMETRY, OMP, 0.004132
2048, 4, TRANSPOSITION, OMP, 0.013657
16, 4, TRANSPOSITION, SEQUENTIAL, 0.000000
16, 4, TRANSPOSITION, IMPLICIT, 0.000000
16, 4, SYMMETRY, OMP, 0.000103
16, 4, TRANSPOSITION, OMP, 0.000016
16, 4, TRANSPOSITION, SEQUENTIAL, 0.000000
16, 4, TRANSPOSITION, IMPLICIT, 0.000000
16, 4, SYMMETRY, OMP, 0.000018
16, 4, TRANSPOSITION, OMP, 0.000015
16, 4, TRANSPOSITION, SEQUENTIAL, 0.000000
16, 4, TRANSPOSITION, IMPLICIT, 0.000000
16, 4, SYMMETRY, OMP, 0.000017
16, 4, TRANSPOSITION, OMP, 0.000016
16, 4, TRANSPOSITION, SEQUENTIAL, 0.000000
16, 4, TRANSPOSITION, IMPLICIT, 0.000000
16, 4, SYMMETRY, OMP, 0.000015
16, 4, TRANSPOSITION, OMP, 0.000012
16, 4, TRANSPOSITION, SEQUENTIAL, 0.000000
16, 4, TRANSPOSITION, IMPLICIT, 0.000000
16, 4, SYMMETRY, OMP, 0.000016
16, 4, TRANSPOSITION, OMP, 0.000016
32, 4, TRANSPOSITION, SEQUENTIAL, 0.000001
32, 4, TRANSPOSITION, IMPLICIT, 0.000001
32, 4, SYMMETRY, OMP, 0.000032
32, 4, TRANSPOSITION, OMP, 0.000053
32, 4, TRANSPOSITION, SEQUENTIAL, 0.000000
32, 4, TRANSPOSITION, IMPLICIT, 0.000001
32, 4, SYMMETRY, OMP, 0.000033
32, 4, TRANSPOSITION, OMP, 0.000045
32, 4, TRANSPOSITION, SEQUENTIAL, 0.000000
32, 4, TRANSPOSITION, IMPLICIT, 0.000001
32, 4, SYMMETRY, OMP, 0.000033
32, 4, TRANSPOSITION, OMP, 0.000049
32, 4, TRANSPOSITION, SEQUENTIAL, 0.000000
32, 4, TRANSPOSITION, IMPLICIT, 0.000001
32, 4, SYMMETRY, OMP, 0.000033
32, 4, TRANSPOSITION, OMP, 0.000056
32, 4, TRANSPOSITION, SEQUENTIAL, 0.000000
32, 4, TRANSPOSITION, IMPLICIT, 0.000001
32, 4, SYMMETRY, OMP, 0.000032
32, 4, TRANSPOSITION, OMP, 0.000050
64, 4, TRANSPOSITION, SEQUENTIAL, 0.000003
64, 4, TRANSPOSITION, IMPLICIT, 0.000002
64, 4, SYMMETRY, OMP, 0.000081
64, 4, TRANSPOSITION, OMP, 0.000068
64, 4, TRANSPOSITION, SEQUENTIAL, 0.000002
64, 4, TRANSPOSITION, IMPLICIT, 0.000002
64, 4, SYMMETRY, OMP, 0.000061
64, 4, TRANSPOSITION, OMP, 0.000090
64, 4, TRANSPOSITION, SEQUENTIAL, 0.000002
64, 4, TRANSPOSITION, IMPLICIT, 0.000002
64, 4, SYMMETRY, OMP, 0.000059
64, 4, TRANSPOSITION, OMP, 0.000087
64, 4, TRANSPOSITION, SEQUENTIAL, 0.000002
64, 4, TRANSPOSITION, IMPLICIT, 0.000003
64, 4, SYMMETRY, OMP, 0.000061
64, 4, TRANSPOSITION, OMP, 0.000080
64, 4, TRANSPOSITION, SEQUENTIAL, 0.000002
64, 4, TRANSPOSITION, IMPLICIT, 0.000003
64, 4, SYMMETRY, OMP, 0.000061
64, 4, TRANSPOSITION, OMP, 0.000099
128, 4, TRANSPOSITION, SEQUENTIAL, 0.000012
128, 4, TRANSPOSITION, IMPLICIT, 0.000009
128, 4, SYMMETRY, OMP, 0.000121
128, 4, TRANSPOSITION, OMP, 0.000108
128, 4, TRANSPOSITION, SEQUENTIAL, 0.000009
128, 4, TRANSPOSITION, IMPLICIT, 0.000011
128, 4, SYMMETRY, OMP, 0.000117
128, 4, TRANSPOSITION, OMP, 0.000096
128, 4, TRANSPOSITION, SEQUENTIAL, 0.000009
128, 4, TRANSPOSITION, IMPLICIT, 0.000009
128, 4, SYMMETRY, OMP, 0.000116
128, 4, TRANSPOSITION, OMP, 0.000094
128, 4, TRANSPOSITION, SEQUENTIAL, 0.000009
128, 4, TRANSPOSITION, IMPLICIT, 0.000009
128, 4, SYMMETRY, OMP, 0.000117
128, 4, TRANSPOSITION, OMP, 0.000085
128, 4, TRANSPOSITION, SEQUENTIAL, 0.000009
128, 4, TRANSPOSITION, IMPLICIT, 0.000010
128, 4, SYMMETRY, OMP, 0.000116
128, 4, TRANSPOSITION, OMP, 0.000108
256, 4, TRANSPOSITION, SEQUENTIAL, 0.000054
256, 4, TRANSPOSITION, IMPLICIT, 0.000040
256, 4, SYMMETRY, OMP, 0.000253
256, 4, TRANSPOSITION, OMP, 0.000170
256, 4, TRANSPOSITION, SEQUENTIAL, 0.000037
256, 4, TRANSPOSITION, IMPLICIT, 0.000042
256, 4, SYMMETRY, OMP, 0.000262
256, 4, TRANSPOSITION, OMP, 0.000119
256, 4, TRANSPOSITION, SEQUENTIAL, 0.000038
256, 4, TRANSPOSITION, IMPLICIT, 0.000040
256, 4, SYMMETRY, OMP, 0.000248
256, 4, TRANSPOSITION, OMP, 0.000139
256, 4, TRANSPOSITION, SEQUENTIAL, 0.000037
256, 4, TRANSPOSITION, IMPLICIT, 0.000037
256, 4, SYMMETRY, OMP, 0.000246
256, 4, TRANSPOSITION, OMP, 0.000120
256, 4, TRANSPOSITION, SEQUENTIAL, 0.000037
256, 4, TRANSPOSITION, IMPLICIT, 0.000047
256, 4, SYMMETRY, OMP, 0.000237
256, 4, TRANSPOSITION, OMP, 0.000109
512, 4, TRANSPOSITION, SEQUENTIAL, 0.000385
512, 4, TRANSPOSITION, IMPLICIT, 0.000392
512, 4, SYMMETRY, OMP, 0.000378
512, 4, TRANSPOSITION, OMP, 0.000351
512, 4, TRANSPOSITION, SEQUENTIAL, 0.000394
512, 4, TRANSPOSITION, IMPLICIT, 0.000385
512, 4, SYMMETRY, OMP, 0.000300
512, 4, TRANSPOSITION, OMP, 0.000307
512, 4, TRANSPOSITION, SEQUENTIAL, 0.000389
512, 4, TRANSPOSITION, IMPLICIT, 0.000386
512, 4, SYMMETRY, OMP, 0.000286
512, 4, TRANSPOSITION, OMP, 0.000294
512, 4, TRANSPOSITION, SEQUENTIAL, 0.000386
512, 4, TRANSPOSITION, IMPLICIT, 0.000391
512, 4, SYMMETRY, OMP, 0.000255
512, 4, TRANSPOSITION, OMP, 0.000291
512, 4, TRANSPOSITION, SEQUENTIAL, 0.000393
512, 4, TRANSPOSITION, IMPLICIT, 0.000384
512, 4, SYMMETRY, OMP, 0.000263
512, 4, TRANSPOSITION, OMP, 0.000266
1024, 4, TRANSPOSITION, SEQUENTIAL, 0.001659
1024, 4, TRANSPOSITION, IMPLICIT, 0.001626
1024, 4, SYMMETRY, OMP, 0.001465
1024, 4, TRANSPOSITION, OMP, 0.002108
1024, 4, TRANSPOSITION, SEQUENTIAL, 0.001636
1024, 4, TRANSPOSITION, IMPLICIT, 0.001637
1024, 4, SYMMETRY, OMP, 0.000842
1024, 4, TRANSPOSITION, OMP, 0.001391
1024, 4, TRANSPOSITION, SEQUENTIAL, 0.001638
1024, 4, TRANSPOSITION, IMPLICIT, 0.001621
1024, 4, SYMMETRY, OMP, 0.001035
1024, 4, TRANSPOSITION, OMP, 0.001171
1024, 4, TRANSPOSITION, SEQUENTIAL, 0.001645
1024, 4, TRANSPOSITION, IMPLICIT, 0.001630
1024, 4, SYMMETRY, OMP, 0.000940
1024, 4, TRANSPOSITION, OMP, 0.001227
1024, 4, TRANSPOSITION, SEQUENTIAL, 0.001623
1024, 4, TRANSPOSITION, IMPLICIT, 0.001631
1024, 4, SYMMETRY, OMP, 0.001035
1024, 4, TRANSPOSITION, OMP, 0.001043
2048, 4, TRANSPOSITION, SEQUENTIAL, 0.024463
2048, 4, TRANSPOSITION, IMPLICIT, 0.021427
2048, 4, SYMMETRY, OMP, 0.004433
2048, 4, TRANSPOSITION, OMP, 0.013539
2048, 4, TRANSPOSITION, SEQUENTIAL, 0.023232
2048, 4, TRANSPOSITION, IMPLICIT, 0.021504
2048, 4, SYMMETRY, OMP, 0.004096
2048, 4, TRANSPOSITION, OMP, 0.014055
2048, 4, TRANSPOSITION, SEQUENTIAL, 0.022936
2048, 4, TRANSPOSITION, IMPLICIT, 0.021498
2048, 4, SYMMETRY, OMP, 0.004091
2048, 4, TRANSPOSITION, OMP, 0.012870
2048, 4, TRANSPOSITION, SEQUENTIAL, 0.022937
2048, 4, TRANSPOSITION, IMPLICIT, 0.021490
2048, 4, SYMMETRY, OMP, 0.004097
2048, 4, TRANSPOSITION, OMP, 0.013002
2048, 4, TRANSPOSITION, SEQUENTIAL, 0.022898
2048, 4, TRANSPOSITION, IMPLICIT, 0.021499
2048, 4, SYMMETRY, OMP, 0.004103
2048, 4, TRANSPOSITION, OMP, 0.013499
